序号,链接,节点数
0,https://clashnode.com/wp-content/uploads/2023/09/20230902.txt,44
1,https://nodefree.org/dy/2023/09/20230902.yaml,39
2,https://oneclash.cc/wp-content/uploads/2023/09/20230902.txt,39
3,https://v2rayshare.com/wp-content/uploads/2023/09/20230902.txt,39
4,https://wefound.cc/freenode/2023/09/20230902.txt,39
5,https://fastestcloud.xyz/api/v1/client/subscribe?token=c59ef74fbf19a6c324f02d92fcc26449,47
6,https://oss.v2rayse.com/proxies/data/2023-09-02/zqPcYtM.txt,39
7,https://prop.cf/?name=paimon&client=base64,606
8,https://prop.cf/?name=paimon&client=clash,606
9,https://raw.githubusercontent.com/abshare/abshare.github.io/main/README.md,120
10,https://raw.githubusercontent.com/aiboboxx/v2rayfree/main/v2,43
11,https://raw.githubusercontent.com/freefq/free/master/v2,31
12,https://raw.githubusercontent.com/mianfeifq/share/main/README.md,118
13,https://raw.githubusercontent.com/mksshare/mksshare.github.io/main/README.md,131
14,https://raw.githubusercontent.com/ripaojiedian/freenode/main/clash,22
15,https://raw.githubusercontent.com/ripaojiedian/freenode/main/sub,22
16,https://www.ckcloud.xyz/api/v1/client/subscribe?token=cb84b0120856e1168a65b17945c94c22,57
17,https://xn--30rs3bu7r87f.com/api/v1/client/subscribe?token=89e0becfcb451e58bc9289ab6cb84a0a,0
18,dynamic://kkzui,50
19,dynamic://sharkdoor,7

总计,,442
